Domain,Domain_Authority,Current_Target,Our_Target,Strategy,Priority,Status,Anchor_Text,Landing_Page,Implementation_Date,Notes
plus.google.com,97,https://www.valencynetworks.com/,https://systrocode.tech/,Google Business Profile,CRITICAL,Completed,"SystroCode",Homepage,2025-09-13,✅ LIVE - Google Business Profile created and active
medium.com,95,https://www.valencynetworks.com/,https://systrocode.tech/blog/,Guest Publishing,CRITICAL,In Progress,"web development services",Blog,2025-09-13,Article ready - user will submit to publications
secureserver.net,93,https://www.valencynetworks.com/,https://systrocode.tech/,Web Hosting Partnership,HIGH,Pending,"SystroCode",Homepage,,Contact for partnership
bing.com,93,https://www.valencynetworks.com/,https://systrocode.tech/,Webmaster Tools,CRITICAL,Ready,"systrocode.tech",Homepage,2025-09-13,Setup guide created - ready for Bing submission
groups.google.com,93,https://www.valencynetworks.com/,https://systrocode.tech/,Community Engagement,HIGH,Pending,"web development",Services,,Join relevant groups
habr.com,92,https://www.valencynetworks.com/,https://systrocode.tech/blog/,Tech Articles,HIGH,Pending,"Next.js development",Blog,,Write technical posts
pages.dev,91,https://www.valencynetworks.com/,https://systrocode.tech/web-development/,Developer Showcase,MEDIUM,Pending,"modern web development",Services,,Create showcase page
crunchbase.com,91,https://www.valencynetworks.com/,https://systrocode.tech/,Company Profile,CRITICAL,In Review,"SystroCode",Homepage,2025-09-12,✅ APPLIED - Profile submitted yesterday for review
gitbook.io,85,https://www.valencynetworks.com/,https://systrocode.tech/blog/,Documentation,MEDIUM,Pending,"web development guide",Blog,,Create technical guides
list.ly,85,https://www.valencynetworks.com/,https://systrocode.tech/,Resource Lists,LOW,Pending,"top web development tools",Services,,Create resource lists
spiceworks.com,84,https://www.valencynetworks.com/,https://systrocode.tech/,IT Community,HIGH,Pending,"IT solutions",Services,,Answer questions
folkd.com,80,https://www.valencynetworks.com/,https://systrocode.tech/,Social Bookmarking,LOW,Pending,"systrocode.tech",Homepage,,Submit bookmarks
hashnode.dev,78,https://www.valencynetworks.com/,https://systrocode.tech/blog/,Developer Blog,HIGH,Ready,"React development",Blog,2025-09-13,First technical article written - ready for publication
qualys.com,75,https://www.valencynetworks.com/,https://systrocode.tech/cyber-security/,Security Partnership,MEDIUM,Pending,"cybersecurity services",Services,,Security content collab
infosecinstitute.com,74,https://www.valencynetworks.com/,https://systrocode.tech/cyber-security/,Security Articles,MEDIUM,Pending,"web security",Services,,Write security articles
owler.com,74,https://www.valencynetworks.com/,https://systrocode.tech/,Business Directory,LOW,Pending,"SystroCode",Homepage,,Create business profile
acunetix.com,73,https://www.valencynetworks.com/,https://systrocode.tech/cyber-security/,Security Tools,MEDIUM,Pending,"web application security",Services,,Security expertise content
techygeekshome.info,68,https://www.valencynetworks.com/,https://systrocode.tech/blog/,Tech Blog,LOW,Pending,"technology solutions",Blog,,Guest blog posts
experts-exchange.com,67,https://www.valencynetworks.com/,https://systrocode.tech/,Expert Q&A,MEDIUM,Pending,"web development expert",Services,,Answer technical questions
tpsearchtool.com,65,https://www.valencynetworks.com/,https://systrocode.tech/seo/,SEO Tools,MEDIUM,Pending,"SEO services",Services,,SEO tool partnerships
ithome.com.tw,63,https://www.valencynetworks.com/,https://systrocode.tech/,Tech News Taiwan,LOW,Pending,"web development taiwan",Services,,Taiwan market content
r-tt.com,63,https://www.valencynetworks.com/,https://systrocode.tech/,Technical Resource,LOW,Pending,"technical solutions",Services,,Technical content
siliconindia.com,63,https://www.valencynetworks.com/,https://systrocode.tech/,Industry Publication,MEDIUM,Pending,"Indian tech company",About,,Industry articles
angloinfo.com,62,https://www.valencynetworks.com/,https://systrocode.tech/,Expat Community,LOW,Pending,"business services",Services,,Expat business content
tyil.nl,62,https://www.valencynetworks.com/,https://systrocode.tech/blog/,Developer Blog,LOW,Pending,"software development",Blog,,Developer community posts
tntcode.com,61,https://www.valencynetworks.com/,https://systrocode.tech/blog/,Programming Resource,LOW,Pending,"coding tutorials",Blog,,Programming tutorials
softwaretestinghelp.com,60,https://www.valencynetworks.com/,https://systrocode.tech/,Software Testing,LOW,Pending,"quality assurance",Services,,QA/Testing content
soundflare.xyz,60,https://www.valencynetworks.com/,https://systrocode.tech/,Tech Community,LOW,Pending,"tech services",Services,,Community engagement
