No,Source Page Title,Source URL,Target URL,Domain Authority,Page Authority,Spam Score,Anchor Text,First Seen,Last Seen
1,"High-LevelSEO Practice: A Comprehensive Guide from Technical Optimization to Content Strategy | best seo guide for webmaster","https://domain.gov.mex.com/domain.php?part=01/12/2025/33","https://systrocode.tech/",14,17,9,"systrocode.tech","2025-03-21","2025-06-21"
3,"❤️ URL Shared ❤️","https://urls-shortener.eu/share/3492237","https://systrocode.tech/",11,24,6,"systrocode.tech","2025-02-12","2025-02-12"
8,"High-LevelSEO Practice: A Comprehensive Guide from Technical Optimization to Content Strategy | best seo guide for webmaster","https://www.seo-tip.com/domain.php?part=01/12/2025/33","https://systrocode.tech/",11,18,16,"systrocode.tech","2025-02-03","2025-05-27"
9,"High-LevelSEO Practice: A Comprehensive Guide from Technical Optimization to Content Strategy | best seo guide for webmaster","https://backlink.wiki/domain.php?part=01/12/2025/33","https://systrocode.tech/",11,18,20,"systrocode.tech","2025-03-01","2025-06-10"
10,"High-LevelSEO Practice: A Comprehensive Guide from Technical Optimization to Content Strategy | best seo guide for webmaster","https://weknow.website/domain.php?part=01/12/2025/33","https://systrocode.tech/",11,17,16,"systrocode.tech","2025-01-16","2025-04-23"
12,"January 11, 2025 - Page 222 | XploreDomains","https://www.xploredomains.com/2025-01-11?page=222","https://systrocode.tech/",9,26,2,"systrocode.tech","2025-04-27","2025-04-27"
13,"High-LevelSEO Practice: A Comprehensive Guide from Technical Optimization to Content Strategy | best seo guide for webmaster","https://zhanhao.online/domain.php?part=01/12/2025/33","https://systrocode.tech/",9,18,20,"systrocode.tech","2025-02-24","2025-05-29"
15,"","https://bitcoinmix.biz/domain/list.php?part=2025/01/12/478","https://systrocode.tech/",8,26,20,"systrocode.tech","2025-01-24","2025-01-24"
18,"❤️ URL Shared ❤️","https://buzzshrink.website/share/3492237","https://systrocode.tech/",5,22,14,"systrocode.tech","2025-02-09","2025-06-16"
19,"2023-10-27 Newly Registered Domains Page 60 ","https://newlyregddomains.com/2023-10-27/60","https://systrocode.tech/",1,25,7,"systrocode.tech","2023-12-19","2025-04-03"
