No,Referring Domain,Domain Authority,Competitors It Links To,Link Opportunity Type,Strategic Priority
1,plus.google.com,97,https://www.valencynetworks.com/,Google Business Profile,CRITICAL
2,medium.com,95,https://www.valencynetworks.com/,Guest Publishing,CRITICAL
3,secureserver.net,93,https://www.valencynetworks.com/,Technical Partnership,HIGH
4,bing.com,93,https://www.valencynetworks.com/,Search Engine Submission,CRITICAL
5,groups.google.com,93,https://www.valencynetworks.com/,Community Participation,HIGH
6,habr.com,92,https://www.valencynetworks.com/,Tech Content Publishing,HIGH
7,pages.dev,91,https://www.valencynetworks.com/,Developer Showcase,HIGH
8,crunchbase.com,91,https://www.valencynetworks.com/,Company Profile,CRITICAL
9,gitbook.io,85,https://www.valencynetworks.com/,Technical Documentation,MEDIUM
10,list.ly,85,https://www.valencynetworks.com/,Resource Lists,MEDIUM
11,spiceworks.com,84,https://www.valencynetworks.com/,IT Community,MEDIUM
12,folkd.com,80,https://www.valencynetworks.com/,Social Bookmarking,LOW
13,hashnode.dev,78,https://www.valencynetworks.com/,Developer Blog,MEDIUM
14,qualys.com,75,https://www.valencynetworks.com/,Security Partnership,MEDIUM
15,infosecinstitute.com,74,https://www.valencynetworks.com/,Cybersecurity Content,MEDIUM
16,owler.com,74,https://www.valencynetworks.com/,Company Directory,MEDIUM
17,acunetix.com,73,https://www.valencynetworks.com/,Security Tools,MEDIUM
18,techygeekshome.info,68,https://www.valencynetworks.com/,Tech Blog,LOW
19,experts-exchange.com,67,https://www.valencynetworks.com/,Expert Q&A,LOW
20,tpsearchtool.com,65,https://www.valencynetworks.com/,SEO Tools,LOW
21,ithome.com.tw,63,https://www.valencynetworks.com/,Tech News Taiwan,LOW
22,r-tt.com,63,https://www.valencynetworks.com/,Technical Resource,LOW
23,siliconindia.com,63,https://www.valencynetworks.com/,Industry Publication,LOW
24,angloinfo.com,62,https://www.valencynetworks.com/,Expat Community,LOW
25,tyil.nl,62,https://www.valencynetworks.com/,Developer Blog,LOW
26,tntcode.com,61,https://www.valencynetworks.com/,Programming Resource,LOW
27,softwaretestinghelp.com,60,https://www.valencynetworks.com/,Software Testing,LOW
